{"vC6I90D4mdYPl3jlFXZ4qA==":"logo-128x128.png","KgCxBWHlLflQ3wTXOIkGxg==":"mbr-1630x1080.jpg","NXxNylihSG1irQAT1w/xsg==":"mbr-1623x1080.jpg","tW7iRAJxnJFgxDWQA16eOg==":"untitled-7-1400x300.png","CJ6UvjLoiSD9GQ6A3p8Bqg==":"agent_training_laptop@2x-1eb0ecafb1e5acd52d202d9354b16126-450x262.png","RG/xKh7cXTw2//8EH/2pQQ==":"graph@2x-03b92503e5b0b1093082277246319274-906x534.png","Lbgjw4D+VGiYThU1V1CKvA==":"quadlock@2x-1b71d969b93925e3e7efed9742f0fd6a-264x264.png","hKKktkrtaen8fWcg0lgnrQ==":"1-500x500.png","pDFocYCI/HrIuFoSYXfzpQ==":"2-300x300.png","27sV8rQZGJRkrLEDla0xuQ==":"3-200x200.png","lTjUftzLwj0b+YDhjwTu8A==":"clients-1400x111.png","hFJjtvleEZ2nq9sEdwZfCQ==":"clients2-1400x111.png","VL/kHPmH+OKZERvBn28GKQ==":"client3-1400x300.png","2jyERxxIH97CDm4ncakXbg==":"michelle-manly-bands-21e01285af628633578d43955e6d5700%20(1)-147x160.jpg","IG5wbgCF+Q00lHSZOLy/FA==":"eva-160x142.png","Fzo8u+45lscg2uu4rG+itg==":"annex-rob-ee6aa2da97a32d83e90195002acd289f-140x140.jpg","I3syNnk3Hh/84j0MZl8KtQ==":"sean-corey-c83f82b8bfc724b82320f0d1c7730308-160x160.jpg","6YGRQ+r4P0japLPm5bSXRg==":"steve-oconnor-f7181b77e4419cd072ed011921625dd6-160x160.jpg","81v3q/JxkN+zASgvO3UE1g==":"michaelgrant-44106428595d20ad16f59b4fd52125a0-160x160.jpg","WaysZyb0p5y+A6GXfvNKyQ==":"emily-88d49e7b55c7ee951f3582b450c93f0f-160x149.png","FAoh4c/TC6wJMVeCeEg8MQ==":"cori-c15e752aefa74250b9e757ea7fc83b8b-141x151.jpg","XuLC1Nc3jO5PQoMPYgzncg==":"michelle-manly-bands-21e01285af628633578d43955e6d5700%20(1)-147x160.jpg","AegP+CzkIa87x4TLALX6hQ==":"gift-256-256x256.png","BRkFxrWTq4fLpUxeJwQnZQ==":"images-225x225.jpg","ZQAfT9AAgANgJ/tl/BZz1Q==":"mbr-1620x1080.jpg","pi/dXonmy+OAIJiidGXlFg==":"mbr-1-1620x1080.jpg","ZOUNQ8Pw9zVRWPv/Bz+NFg==":"mbr-1586x1080.jpg","ZtwSxrHrlB+gTtx9cWSB3A==":"mbr-2-1620x1080.jpg","wSln+ZZFaze6whugla1Veg==":"mbr-3-1620x1080.jpg","o5K9WQQWLId5QYfJekayHw==":"mbr-1539x1080.jpg","ZNDt9ts1Ur6GAuDr/z5Nlw==":"mbr-1486x1080.jpg","2rd2cX150HKESylSBV/i6A==":"mbr-1576x1080.jpg","kRHEdhaMKj0/q3LLs+WOnA==":"mbr-4-1620x1080.jpg","CnReVGQTWFRFsqdxNI14Og==":"mbr-1618x1080.jpg","yKxwcsOup+Gwp7eY7LU9Cg==":"mbr-5-1620x1080.jpg","KTRafBW3H0GliLv+lPCxpA==":"mbr-6-1620x1080.jpg","pH3wwEnDVvQioMP5WsXrTA==":"about-us-f022c7134367d528327dba5d41cb6222-1400x945.png","CQywOX9OEcTsu/RdDs8fZg==":"erwet-1400x164.png"}